{
  "certification_date": "2025-09-11T06:52:58.973360",
  "final_quality_score": 0.7006293749217261,
  "certified": false,
  "total_cycles": 3,
  "results_history": [
    {
      "cycle": 1,
      "quality_score": 0.5335534550352034,
      "metrics": {
        "bpm_adherence": 0.6999999999999998,
        "energy_flow": 0.36489690480564646,
        "genre_coherence": 0.22037037037037033,
        "transition_quality": 0.6825,
        "data_completeness": 0.6999999999999998
      },
      "issues": [
        "BPM adherence below target: 70.0%",
        "Data completeness below target: 70.0%",
        "Poor energy flow: 36.5%"
      ],
      "decision": "IMPROVE"
    },
    {
      "cycle": 2,
      "quality_score": 0.6420938867784854,
      "metrics": {
        "bpm_adherence": 0.85,
        "energy_flow": 0.4567392751622685,
        "genre_coherence": 0.2226190476190476,
        "transition_quality": 0.831111111111111,
        "data_completeness": 0.85
      },
      "issues": [
        "BPM adherence below target: 85.0%",
        "Poor energy flow: 45.7%"
      ],
      "decision": "IMPROVE"
    },
    {
      "cycle": 3,
      "quality_score": 0.7006293749217261,
      "metrics": {
        "bpm_adherence": 0.9250000000000002,
        "energy_flow": 0.5744206841324394,
        "genre_coherence": 0.22464285714285714,
        "transition_quality": 0.8540833333333334,
        "data_completeness": 0.9250000000000002
      },
      "issues": [
        "Poor energy flow: 57.4%"
      ],
      "decision": "CERTIFY_WITH_CONDITIONS"
    }
  ]
}